{"cameraMode":{"drawMode":0,"name":"Shaded","section":"Shading Mode"},"sceneLighting":true,"audioPlay":false,"sceneViewState":{"m_AlwaysRefresh":false,"showFog":true,"showSkybox":true,"showFlares":true,"showImageEffects":true,"showParticleSystems":true,"showVisualEffectGraphs":true,"m_FxEnabled":true},"in2DMode":false,"pivot":{"x":-0.7609535455703735,"y":0.8402531147003174,"z":-0.5682138204574585},"rotation":{"x":-0.05844680964946747,"y":0.9362652897834778,"z":-0.1881433129310608,"w":-0.2908514142036438},"size":1.4302102327346802,"orthographic":false}