{"cameraMode":{"drawMode":0,"name":"Shaded","section":"Shading Mode"},"sceneLighting":true,"audioPlay":false,"sceneViewState":{"m_AlwaysRefresh":false,"showFog":true,"showSkybox":true,"showFlares":true,"showImageEffects":true,"showParticleSystems":true,"showVisualEffectGraphs":true,"m_FxEnabled":true},"in2DMode":false,"pivot":{"x":1.0940229892730713,"y":-0.23045670986175538,"z":0.03256988525390625},"rotation":{"x":0.00017097701493185014,"y":0.9995759129524231,"z":-0.005997521337121725,"w":0.02849557064473629},"size":0.02516949363052845,"orthographic":false}